,dynasty,super_power,story_type,story
0,唐,隐形,修仙,"

这是一个关于唐朝英雄的传奇故事。

一位叫做林子的唐朝英雄，凭借着自己的勇敢和勇气，曾经结束了一场古老的战争，拯救了数千万人民的生命。但是，就在他取得胜利的时候，他不幸被一个叫做“隐形”的神秘力量所吸引，随后他的身体被一股神秘的力量所改变，使他获得了隐形的超能力。

林子由此穿越时空，来到了现代的世界，在这里，他发现了自己的超能力并不是普通人所拥有的，他决定利用这种超能力，帮助奥特曼一起打败怪兽。

他开始修炼各种武功，学习各种修仙术，并且不断磨练自己的身体，提升自己的实力。他经过了千辛万苦的训练，终于在一次激烈的战斗中，凭借着自己的超能力，帮助奥特曼一起打败了怪兽。

最终，林子和奥特曼一起取得了胜利，他也回到了自己的时代，继续做自己的英雄，为人民谋幸福。

林子的传奇故事，从此流传了下来，他成为了古老传说中的英雄人物，永远铭记在人们心中。"
1,唐,隐形,修仙,"

一位叫做赵明的唐朝英雄，在一次古墓探险中，发现了一本古籍，上面记载着令人兴奋的修仙之术。赵明毅然决然地决定学习这门功夫，用以抵抗那些对他的攻击。

他经过漫长的修炼，最终突破了修仙的境界，获得了超能力，可以隐形，可以穿越时空，可以操纵物质形态，可以精准的击中敌人，甚至可以掌握时间，拥有了无限的力量。

就在赵明准备回到唐朝的时候，他突然发现自己穿越到了现代，现在的世界中，怪兽正在洗劫人间，人们拼命求救，赵明决定用自己的超能力来拯救这个世界。

于是他和奥特曼一起，用自己的超能力，精准的攻击，把怪兽一一击败，最终拯救了人类。

当赵明最终回到唐朝的时候，他已经不再是以前那个普通的英雄，而是一个拥有超能力的英雄，他用自己的力量拯救了整个世界。"
2,唐,隐形,修仙,"

这是一个关于一位叫做英雄的唐朝英雄的故事。英雄曾经是一位勇敢坚强的勇士，他曾在许多激烈的战斗中取得了胜利，他也曾经拯救过许多受害者。但是，一次意外的事件，让英雄穿越到了现代，他从此拥有了隐形的超能力，他可以隐形，可以瞬间移动，可以控制时间，可以控制物体。

英雄也开始了他的修仙之路，他拜师学艺，学习如何使用他的超能力，他也接触了许多神秘的力量，他掌握了如何调动这些力量，并且可以利用它们来改变世界。

有一天，一群怪兽出现了，它们想要毁灭地球，英雄决定出马，他用自己的超能力和神秘力量，帮助奥特曼一起打败了怪兽，拯救了地球。

最后，英雄的功绩被世人所铭记，他成为了一位英雄，他的故事也传遍了世界，被人们所铭记。"
3,唐,飞行,修仙,"

这是一个关于一位唐朝时期的英雄人物的故事。这位英雄名叫李靖，他曾经是一位勇敢的士兵，为国家做出了巨大的贡献。但是在一次战斗中，他不幸牺牲，他的灵魂被封印在了一个古老的石碑中，他的身体也随着时间而消失了。

几百年后，李靖的灵魂被一位修仙高手所释放，他穿越了时空，来到了现代。这位修仙高手给了他超能力，让他可以飞行，让他可以变成任何形态，让他可以控制风，水，火和土。

李靖发现，现在的世界也有怪兽出没，他决定要和奥特曼一起，拯救人类免受怪兽的侵害。于是，他和奥特曼开始了一场修仙之战，他们一起击败了怪兽，拯救了人类。

最后，李靖再次被封印，他的灵魂被安放在古老的石碑中，他的身体也消失了，但他留下了一句话：“我会永远守护这个世界！”"
4,唐,飞行,修仙,"

那是一个唐朝时期的英雄人物，他叫韩某，他拥有一种神奇的力量，可以穿越时空，来到现代。

穿越到现代之后，他发现自己具有了飞行的能力，他可以在天空中自由飞行，这让他感到非常兴奋。

他开始在现代世界中探索，发现了一种新的修仙战斗，他发现这是一种可以控制自己的力量，可以用来对抗怪兽的新技术。

他开始学习这种新的修仙战斗，不久就变得熟练起来。

他又被召唤去帮助奥特曼一起打败怪兽，他用自己的飞行能力和修仙战斗技术，帮助奥特曼成功击败了怪兽，拯救了世界。

最终，韩某回到了唐朝，他用自己的飞行能力和修仙战斗技术，拯救了许多人，成为了一个英雄。"
5,唐,飞行,修仙,"

这个故事的主人公是唐朝时期的英雄人物，他叫李靖。李靖在唐朝时期是一位英勇的将军，他曾经参加过无数次的战斗，拯救了无数的人民。然而，他的一次攻击行动中，他的军队被一位邪恶的妖怪所击败，李靖也被妖怪抓走了。

李靖被关押在一个空间中，他无法知道自己身处何处。但是，他发现自己身体发生了变化，他发现自己有了飞行的能力。他也发现自己可以使用一些神奇的力量，就像修仙一样。

李靖利用自己的新能力，越过了时空的界限，穿越到了现代。在现代，他发现了一种叫做“奥特曼”的怪兽，正在抢夺人类的财富。他决定要帮助人类抵抗这些怪兽，于是他和奥特曼一起开始了一场修仙之战。

李靖和奥特曼一起，利用他们的力量，战胜了这些怪兽。最终，他们成功地拯救了人类，让人们回到了原来的安宁之中。

李靖在现代的生活也变得更加精彩，他利用自己的超能力，帮助人们解决各种各样的问题，并且用他的力量保护着人类。他也成为了一位英雄，让人们都记住了他的伟大业绩。"
6,夏,隐形,修仙,"

夏朝时期，有一位叫阿英的英雄人物，他凭借着自己的豪迈和勇敢，帮助了许多人，赢得了无数的尊敬和赞誉。然而，他的命运却并不如意。一次意外，他被一道神秘的光环吞噬，神秘的力量将他带入了一个未知的世界。

到了现代，阿英发现自己拥有了隐形这样的超能力，他开始修仙，以求获得更强大的力量。在修仙的过程中，他发现了一种可以打败怪兽的神奇武器，于是他决定和奥特曼一起去打败怪兽。

于是，奥特曼和阿英一起前往怪兽的出没之处，阿英一边使用神奇武器，一边使用自己的超能力，与怪兽展开殊死战斗。最终，他们成功打败了怪兽，拯救了无数的生命。

当阿英回到家乡时，他又成了当地的英雄，大家都为他的勇敢而欢呼。阿英也更加坚定了自己要继续修仙，为人类做出更大的贡献的信念。"
7,夏,隐形,修仙,"

长久以来，夏朝的英雄人物——苏晓曾经为了自己的国家和人民而奋斗，曾经拯救了那个时代的人们，他被认为是一位英雄。但是，他的生命却在一次战斗中结束了，他的灵魂被封印在一颗古老的石头中，他再也没有出现过。

千年后，科学技术的发展，使得古老的封印被破坏，苏晓的灵魂被释放出来，他醒来时，发现自己来到了一个全新的世界，这个世界有着各种各样的怪兽和超能力。

苏晓开始学习这个世界的知识，并且学会了隐形这种超能力，他发现自己可以使用这种超能力来修仙，他开始了他的修仙之路。

他不断努力，不断提升自己的实力，最终，他变得强大，可以与怪兽们抗衡，他与奥特曼们一起，终于打败了怪兽们，拯救了这个世界。

苏晓成为了一位传奇，他的故事被传唱了千百年，人们称他为“苏晓”，一位夏朝时期的英雄，一位穿越时空的英雄。"
8,夏,隐形,修仙,"

夏朝时期的英雄人物叫做李渊，他是一个勇敢的战士，拥有着不凡的能力。他曾参与过许多战斗，并取得了胜利。

有一天，李渊被一道神秘的光芒吸引，被传送到了现代。他发现自己有了一种超能力，可以隐形，可以隐藏自己，以及控制其他人的思想。

李渊决定利用自己的能力，去帮助奥特曼抵抗怪兽的侵略。他学习修仙，练习仙术，练就了强大的战斗力。他利用自己的隐形能力，潜入怪兽的大本营，收集情报，指挥奥特曼的作战。

最终，李渊和奥特曼一起战胜了怪兽，拯救了世界。李渊也因此获得了英雄的称号，成为了夏朝时期最受尊敬的英雄。

虽然李渊回到了古代，但他的精神依然活跃，他的故事也被传承至今，被人们铭记于心。他的精神将永远存在，永远给人们力量和勇气。"
9,夏,飞行,修仙,"

那是一个炎热的夏天，一位叫做秦梦的英雄人物出现在了这个世界上。他拥有着神秘的力量，可以穿越时空，从夏朝时期的古老王国来到了现代。

秦梦发现了自己拥有了飞行的超能力，他可以轻松地飞越山脉，跨越大洋，自由自在，无所不能。他发现自己也拥有了修仙的力量，可以掌握一些秘密的武功，可以抵抗怪兽的攻击。

于是，秦梦和奥特曼一起，展开了一场史诗般的修仙之战，他们携手击败了野兽，拯救了人类，受到了世人的称赞和尊敬。

最终，秦梦成功地完成了他的使命，他的英勇行为被永远铭记于心。他作为一个英雄人物，启发了无数人，让他们勇敢地去追求自己的梦想，不畏惧挑战，勇往直前。"
10,夏,飞行,修仙,"

夏朝时期，有一位英雄人物叫阿庆，他有着强大的武功，能够击败强大的敌人。他凭借自己的勇敢和智慧，帮助了夏朝的人民，拯救了他们免于灭亡。

时光流逝，阿庆穿越到了现代，发现自己拥有了飞行这样的超能力，他感到非常兴奋，并决定利用这种能力来保护人民。

于是，他开始接受修仙的训练，练就了超强的功夫，以保护人民免受怪兽的侵害。他变得更加强大，并可以使用许多神奇的武器，如飞剑，神箭，以及超强的拳头。

最终，他和奥特曼一起，使用自己的超能力，打败了怪兽，拯救了人民。阿庆也因此成为了当代英雄，受到了人们的爱戴。"
11,夏,飞行,修仙,"

夏朝时期，有一位叫陆游的英雄人物，他拥有一种不可思议的力量，可以穿越时空，到达现代。

他来到了现代，发现这个世界有很多奇妙的东西，他发现自己拥有了飞行的超能力，他开始学习现代科技，掌握了很多新的技能，他发现自己可以修仙，增强自己的力量。

他开始修仙，不断的练习，最终他的力量达到了一个新的高度，他可以随意的控制风，雷电，火焰，甚至可以操控时间。

有一天，他听说有一只怪兽正在毁灭世界，他决定出手相助，他和奥特曼一起出发，去对抗怪兽。他用自己的超能力，操控风，雷电，火焰，和奥特曼一起打败了怪兽，拯救了世界。

最终，陆游成功的拯救了世界，他受到了全世界的爱戴，他的传奇故事也被传唱了几千年，他成为了一个永恒的英雄。"
